{
  "strategy": {
    "rebalance": "monthly",
    "selection": "BUY",
    "top_n": 10,
    "transaction_cost": 0.0015,
    "period_years": 3
  },
  "metrics": {
    "total_return": 1.2551766276248841,
    "cagr": 0.3137437247899981,
    "volatility": 0.16196512562504692,
    "sharpe": 1.937106667742303,
    "max_drawdown": -0.1478230095987767
  },
  "benchmark": {
    "ticker": "SPY",
    "metrics": {
      "total_return": 0.8280761813402526,
      "cagr": 0.224370520215454,
      "volatility": 0.15063187725490004,
      "sharpe": 1.4895288056177713,
      "max_drawdown": -0.1875523767324495
    }
  },
  "notes": [
    "Universe based on current S&P500 constituents (survivorship bias possible)",
    "Look-ahead bias removed via historical slicing",
    "Transaction cost applied per rebalance"
  ]
}