{
  "strategy": {
    "rebalance": "monthly",
    "selection": "BUY",
    "top_n": 10,
    "transaction_cost": 0.0015,
    "period_years": 3
  },
  "metrics": {
    "total_return": 0.8074652927387893,
    "cagr": 0.21972098216230584,
    "volatility": 0.1379562711892304,
    "sharpe": 1.5926857131483445,
    "max_drawdown": -0.11220042064958091
  },
  "benchmark": {
    "ticker": "SPY",
    "metrics": {
      "total_return": 0.8280760307369517,
      "cagr": 0.22437048636896062,
      "volatility": 0.15063183221462692,
      "sharpe": 1.4895290263034682,
      "max_drawdown": -0.1875522948793963
    }
  },
  "notes": [
    "Universe based on current S&P500 constituents (survivorship bias possible)",
    "Look-ahead bias removed via historical slicing",
    "Transaction cost applied per rebalance"
  ]
}