{
  "strategy": {
    "rebalance": "monthly",
    "selection": "BUY",
    "top_n": 10,
    "transaction_cost": 0.0015,
    "period_years": 10,
    "execution_lag_days": 1,
    "universe_method": "point_in_time_sp500_membership_from_wikipedia_events",
    "portfolio_construction": {
      "method": "score_x_inverse_vol",
      "score_alpha": 1.0,
      "min_weight": 0.15,
      "max_weight": 0.5,
      "vol_fallback": 0.35,
      "vol_floor": 0.18,
      "formula": "weight_i ∝ (score_i ^ alpha) / max(vol20_i, vol_floor)"
    },
    "regime_filter": {
      "benchmark": "SPY",
      "ma_window": 200,
      "risk_on_exposure": 1.0,
      "risk_off_exposure": 0.5,
      "defensive_tickers": [
        "TLT",
        "GLD"
      ],
      "risk_off_defensive_weights": {
        "TLT": 0.35,
        "GLD": 0.15
      },
      "summary": "When SPY is below 200DMA, stock exposure is reduced and the remaining weight is allocated to defensive assets."
    }
  },
  "metrics": {
    "total_return": 1.6174526661726318,
    "cagr": 0.0942900902129935,
    "volatility": 0.19150775768938494,
    "sharpe": 0.4923565047736962,
    "max_drawdown": -0.28066374506223035
  },
  "subperiods": [
    {
      "label": "3y",
      "metrics": {
        "total_return": 0.7184846878571836,
        "cagr": 0.19779332609429834,
        "volatility": 0.2059392785265164,
        "sharpe": 0.9604448821492342,
        "max_drawdown": -0.13649440654833445
      }
    },
    {
      "label": "5y",
      "metrics": {
        "total_return": 0.5773281473867062,
        "cagr": 0.0954294453636928,
        "volatility": 0.2016019966764235,
        "sharpe": 0.4733556558810256,
        "max_drawdown": -0.28066374506223024
      }
    },
    {
      "label": "10y",
      "metrics": {
        "total_return": 1.5241703992129718,
        "cagr": 0.09701323440228138,
        "volatility": 0.1953020311081947,
        "sharpe": 0.4967343854633921,
        "max_drawdown": -0.28066374506223024
      }
    }
  ],
  "benchmark": {
    "ticker": "SPY",
    "metrics": {
      "total_return": 2.92812736983725,
      "cagr": 0.13669197798758215,
      "volatility": 0.17914474488206228,
      "sharpe": 0.7630253294762936,
      "max_drawdown": -0.33717264160164273
    }
  },
  "notes": [
    "Universe is reconstructed point-in-time using current S&P500 membership plus Wikipedia change events.",
    "Ranking uses historical slice through rebalance date close.",
    "Selected portfolio is applied with a 1-day execution lag.",
    "Regime signal is also applied with a 1-day lag using today's close for tomorrow's exposure.",
    "Transaction cost is applied when total portfolio weights change on execution day.",
    "Risk-off portfolio uses a defensive sleeve instead of cash.",
    "Defensive sleeve version B = TLT 35% + GLD 15% when stock exposure is reduced to 50%.",
    "Portfolio weights use score × inverse volatility weighting instead of equal weighting.",
    "Historical membership reconstruction depends on the quality of parsed Wikipedia change events."
  ]
}