{
  "strategy": {
    "rebalance": "monthly",
    "selection": "BUY",
    "top_n": 10,
    "transaction_cost": 0.0015,
    "period_years": 3
  },
  "metrics": {
    "total_return": 1.0141155311863619,
    "cagr": 0.2644469586453926,
    "volatility": 0.1614775176866721,
    "sharpe": 1.637670447464522,
    "max_drawdown": -0.17068422240592807
  },
  "benchmark": {
    "ticker": "SPY",
    "metrics": {
      "total_return": 0.8233246597253088,
      "cagr": 0.22297391327573268,
      "volatility": 0.1505448254566845,
      "sharpe": 1.4811131010270948,
      "max_drawdown": -0.1875523767324495
    }
  },
  "notes": [
    "Universe based on current S&P500 constituents (survivorship bias possible)",
    "Look-ahead bias removed via historical slicing",
    "Transaction cost applied per rebalance"
  ]
}