{
  "strategy": {
    "rebalance": "monthly",
    "selection": "BUY",
    "top_n": 10,
    "transaction_cost": 0.0015,
    "period_years": 3
  },
  "metrics": {
    "total_return": 0.7992883591116267,
    "cagr": 0.21786661602471447,
    "volatility": 0.13827607943415826,
    "sharpe": 1.575591504447117,
    "max_drawdown": -0.11170898571631949
  },
  "benchmark": {
    "ticker": "SPY",
    "metrics": {
      "total_return": 0.8280760307369517,
      "cagr": 0.22437048636896062,
      "volatility": 0.1506319193866148,
      "sharpe": 1.4895281643002038,
      "max_drawdown": -0.1875523263580976
    }
  },
  "notes": [
    "Universe based on current S&P500 constituents (survivorship bias possible)",
    "Look-ahead bias removed via historical slicing",
    "Transaction cost applied per rebalance"
  ]
}