{
  "strategy": {
    "rebalance": "monthly",
    "selection": "TOP",
    "top_n": 15,
    "transaction_cost": 0.0015,
    "period_years": 10,
    "execution_lag_days": 1,
    "universe_method": "point_in_time_sp500_membership_from_wikipedia_events",
    "portfolio_construction": {
      "method": "score_x_inverse_vol",
      "score_alpha": 1.8,
      "min_weight": 0.1,
      "max_weight": 0.35,
      "vol_fallback": 0.35,
      "vol_floor": 0.18,
      "absolute_momentum_63d_min": -5.0,
      "absolute_momentum_252d_min": -10.0,
      "sector_max_names": 3,
      "formula": "weight_i ∝ (score_i ^ alpha) / max(vol20_i, vol_floor)"
    },
    "regime_filter": {
      "benchmark": "SPY",
      "ma_window": 200,
      "momentum_window": 63,
      "stock_rebalance": "monthly",
      "exposure_rebalance": "weekly",
      "risk_on_exposure": 1.0,
      "mid_exposure": 0.85,
      "risk_off_exposure": 0.55,
      "defensive_tickers": [
        "SHY"
      ],
      "summary": "Exposure is updated weekly using a simple 3-state regime model: 100% when SPY is above 200DMA and 63D momentum is positive, 80% when only one condition is positive, and 65% otherwise. Defensive sleeve is SHY."
    }
  },
  "metrics": {
    "total_return": 2.0983331291463574,
    "cagr": 0.10990328974787755,
    "volatility": 0.17146413802299365,
    "sharpe": 0.6409695404244783,
    "max_drawdown": -0.2662208495371471
  },
  "subperiods": [
    {
      "label": "3y",
      "metrics": {
        "total_return": 0.7990700813821914,
        "cagr": 0.21623088329437867,
        "volatility": 0.1794320790266175,
        "sharpe": 1.2050848681427935,
        "max_drawdown": -0.13904904020068465
      }
    },
    {
      "label": "5y",
      "metrics": {
        "total_return": 0.8321735629316644,
        "cagr": 0.1287384580508668,
        "volatility": 0.17437143804933258,
        "sharpe": 0.7383001453164856,
        "max_drawdown": -0.16143574667212612
      }
    },
    {
      "label": "10y",
      "metrics": {
        "total_return": 2.060248971243384,
        "cagr": 0.11834467980524788,
        "volatility": 0.17350072756817844,
        "sharpe": 0.6820990405284809,
        "max_drawdown": -0.2662208495371472
      }
    }
  ],
  "benchmark": {
    "ticker": "SPY",
    "metrics": {
      "total_return": 2.8506956782065425,
      "cagr": 0.13237544132296208,
      "volatility": 0.1782944773068536,
      "sharpe": 0.7424539633672299,
      "max_drawdown": -0.3371725271441378
    }
  },
  "notes": [
    "Universe is reconstructed point-in-time using current S&P500 membership plus Wikipedia change events.",
    "Ranking uses historical slice through rebalance date close.",
    "Selected stock portfolio is applied with a 1-day execution lag.",
    "Exposure signal is applied with a 1-day execution lag.",
    "Transaction cost is applied when total portfolio weights change on execution day.",
    "Stock selection is monthly, while exposure adjustment is weekly.",
    "Absolute momentum filter is relaxed: 63D return > -5% and 252D return > -10%.",
    "Sector cap limits selected names to reduce concentration risk.",
    "Risk-off sleeve uses SHY only."
  ]
}