{
  "strategy": {
    "rebalance": "monthly",
    "selection": "TOP",
    "top_n": 15,
    "transaction_cost": 0.0015,
    "period_years": 10,
    "execution_lag_days": 1,
    "universe_method": "point_in_time_sp1500_membership_from_wikipedia_events",
    "portfolio_construction": {
      "method": "score_x_inverse_vol",
      "score_alpha": 1.8,
      "min_weight": 0.05,
      "max_weight": 0.2,
      "vol_fallback": 0.35,
      "vol_floor": 0.18,
      "dynamic_vol_targeting": true,
      "absolute_momentum_63d_min": 0,
      "absolute_momentum_252d_min": 0,
      "sector_max_names": 3,
      "formula": "weight_i ∝ (score_i ^ alpha) / max(vol20_i, max(vol_floor, spy_vol20))"
    },
    "regime_filter": {
      "benchmark": "SPY",
      "ma_window": 200,
      "momentum_window": 63,
      "buffer": 0.005,
      "confirm_days": 2,
      "stock_rebalance": "monthly",
      "exposure_rebalance": "weekly",
      "risk_on_exposure": 1.0,
      "mid_exposure": 0.85,
      "risk_off_exposure": 0.35,
      "defensive_tickers": [
        "SHY"
      ],
      "summary": "Exposure is updated on a weekly basis using a buffered 3-state regime model with 200DMA, 63D momentum, 0.50% hysteresis band, and 2-day confirmation. Risk-off sleeve is SHY."
    }
  },
  "metrics": {
    "total_return": 3.5151382822735266,
    "cagr": 0.14917702530763832,
    "volatility": 0.2041896358083009,
    "sharpe": 0.7305807893584275,
    "max_drawdown": -0.39717130761947605
  },
  "subperiods": [
    {
      "label": "3y",
      "metrics": {
        "total_return": 0.666263345908525,
        "cagr": 0.18553545585415154,
        "volatility": 0.2157277827830983,
        "sharpe": 0.8600443274415731,
        "max_drawdown": -0.18505997339474112
      }
    },
    {
      "label": "5y",
      "metrics": {
        "total_return": 0.9334182427229705,
        "cagr": 0.14094618992208496,
        "volatility": 0.21130898001338455,
        "sharpe": 0.6670146716583331,
        "max_drawdown": -0.18505997339474123
      }
    },
    {
      "label": "10y",
      "metrics": {
        "total_return": 3.988244451664661,
        "cagr": 0.17434248467375135,
        "volatility": 0.20726410188392416,
        "sharpe": 0.8411610263864691,
        "max_drawdown": -0.39717130761947605
      }
    }
  ],
  "benchmark": {
    "ticker": "SPY",
    "metrics": {
      "total_return": 2.7573746894271887,
      "cagr": 0.12986723343769202,
      "volatility": 0.1783435382698227,
      "sharpe": 0.7281858075576081,
      "max_drawdown": -0.33717269081681334
    }
  },
  "notes": [
    "Universe is reconstructed point-in-time using current S&P1500 membership plus Wikipedia change events.",
    "Current universe combines S&P500, S&P400, and S&P600.",
    "Ranking uses historical slice through rebalance date close.",
    "Geometric multiplicative scoring and RS (Relative Strength) vs SPY are applied to stock selection.",
    "Dynamic Volatility Targeting is applied: minimum weight denominator floors at recent SPY 20D Volatility.",
    "Selected stock portfolio is applied with a 1-day execution lag.",
    "Exposure signal is applied with a 1-day execution lag.",
    "Transaction cost is applied when total portfolio weights change on execution day.",
    "Stock selection is monthly, while exposure adjustment is weekly.",
    "Absolute momentum filter requires 63D return > 0 and 252D return > 0.",
    "Sector cap limits selected names to reduce concentration risk.",
    "Regime filter uses a 0.50% buffer around the moving average and 2-day confirmation to reduce whipsaw.",
    "Risk-off sleeve uses SHY only.",
    "Quality is not yet applied in backtest to avoid look-ahead bias."
  ]
}