{
  "strategy": {
    "rebalance": "monthly",
    "selection": "TOP",
    "top_n": 15,
    "transaction_cost": 0.0015,
    "period_years": 10,
    "execution_lag_days": 1,
    "universe_method": "point_in_time_sp500_membership_from_wikipedia_events",
    "portfolio_construction": {
      "method": "score_x_inverse_vol",
      "score_alpha": 1.5,
      "min_weight": 0.1,
      "max_weight": 0.35,
      "vol_fallback": 0.35,
      "vol_floor": 0.18,
      "absolute_momentum_63d_min": 0.0,
      "absolute_momentum_252d_min": 0.0,
      "sector_max_names": 3,
      "formula": "weight_i ∝ (score_i ^ alpha) / max(vol20_i, vol_floor)"
    },
    "regime_filter": {
      "benchmark": "SPY",
      "ma_window": 200,
      "momentum_window": 63,
      "stock_rebalance": "monthly",
      "exposure_rebalance": "weekly",
      "risk_on_exposure": 1.0,
      "mid_exposure": 0.8,
      "risk_off_exposure": 0.65,
      "defensive_tickers": [
        "SHY"
      ],
      "summary": "Exposure is updated weekly using a simple 3-state regime model: 100% when SPY is above 200DMA and 63D momentum is positive, 80% when only one condition is positive, and 65% otherwise. Defensive sleeve is SHY."
    }
  },
  "metrics": {
    "total_return": 2.02987987806512,
    "cagr": 0.1076192319717435,
    "volatility": 0.16715315409764306,
    "sharpe": 0.6438360828589413,
    "max_drawdown": -0.2826017874240234
  },
  "subperiods": [
    {
      "label": "3y",
      "metrics": {
        "total_return": 0.8226168728889298,
        "cagr": 0.22151403734816189,
        "volatility": 0.1661061071332729,
        "sharpe": 1.3335694946509897,
        "max_drawdown": -0.12628547459229578
      }
    },
    {
      "label": "5y",
      "metrics": {
        "total_return": 0.8483165536948747,
        "cagr": 0.13072051199861878,
        "volatility": 0.16443815564918116,
        "sharpe": 0.7949524335307133,
        "max_drawdown": -0.13763411447855356
      }
    },
    {
      "label": "10y",
      "metrics": {
        "total_return": 2.103664234423799,
        "cagr": 0.11992121877892381,
        "volatility": 0.16930860086039903,
        "sharpe": 0.7082996266551345,
        "max_drawdown": -0.2826017874240234
      }
    }
  ],
  "benchmark": {
    "ticker": "SPY",
    "metrics": {
      "total_return": 2.8506953436729274,
      "cagr": 0.13237543225202963,
      "volatility": 0.17829457398433152,
      "sharpe": 0.7424535099069406,
      "max_drawdown": -0.33717259238647224
    }
  },
  "notes": [
    "Universe is reconstructed point-in-time using current S&P500 membership plus Wikipedia change events.",
    "Ranking uses historical slice through rebalance date close.",
    "Selected stock portfolio is applied with a 1-day execution lag.",
    "Exposure signal is applied with a 1-day execution lag.",
    "Transaction cost is applied when total portfolio weights change on execution day.",
    "Stock selection is monthly, while exposure adjustment is weekly.",
    "Absolute momentum filter requires both 63D and 252D return to be positive.",
    "Sector cap limits selected names to reduce concentration risk.",
    "Risk-off sleeve uses SHY only."
  ]
}