{
  "strategy": {
    "rebalance": "monthly",
    "selection": "TOP",
    "top_n": 15,
    "transaction_cost": 0.0015,
    "period_years": 10,
    "execution_lag_days": 1,
    "universe_method": "point_in_time_sp1500_membership_from_wikipedia_events",
    "portfolio_construction": {
      "method": "score_x_inverse_vol",
      "score_alpha": 1.8,
      "min_weight": 0.05,
      "max_weight": 0.2,
      "vol_fallback": 0.35,
      "vol_floor": 0.18,
      "absolute_momentum_63d_min": 0,
      "absolute_momentum_252d_min": 0,
      "sector_max_names": 3,
      "formula": "weight_i ∝ (score_i ^ alpha) / max(vol20_i, vol_floor)"
    },
    "regime_filter": {
      "benchmark": "SPY",
      "ma_window": 200,
      "momentum_window": 63,
      "buffer": 0.005,
      "confirm_days": 2,
      "stock_rebalance": "monthly",
      "exposure_rebalance": "weekly",
      "risk_on_exposure": 1.0,
      "mid_exposure": 0.85,
      "risk_off_exposure": 0.35,
      "defensive_tickers": [
        "SHY"
      ],
      "summary": "Exposure is updated on a weekly basis using a buffered 3-state regime model with 200DMA, 63D momentum, 0.50% hysteresis band, and 2-day confirmation. Risk-off sleeve is SHY."
    }
  },
  "metrics": {
    "total_return": 3.248857526412337,
    "cagr": 0.14264021504930136,
    "volatility": 0.21916054111032993,
    "sharpe": 0.6508480693041059,
    "max_drawdown": -0.4256746473765589
  },
  "subperiods": [
    {
      "label": "3y",
      "metrics": {
        "total_return": 0.8718689495395409,
        "cagr": 0.23241926946240632,
        "volatility": 0.23682929193486457,
        "sharpe": 0.9813788977012559,
        "max_drawdown": -0.2068813357335152
      }
    },
    {
      "label": "5y",
      "metrics": {
        "total_return": 1.0345795708356569,
        "cagr": 0.15264331514150342,
        "volatility": 0.23265029844535573,
        "sharpe": 0.656106251148248,
        "max_drawdown": -0.2068813357335152
      }
    },
    {
      "label": "10y",
      "metrics": {
        "total_return": 3.7779644200128217,
        "cagr": 0.16929553452278312,
        "volatility": 0.2224292353905947,
        "sharpe": 0.761120876154132,
        "max_drawdown": -0.4256746473765589
      }
    }
  ],
  "benchmark": {
    "ticker": "SPY",
    "metrics": {
      "total_return": 2.8189319999413796,
      "cagr": 0.13145978876933806,
      "volatility": 0.1783003570846292,
      "sharpe": 0.7372940296857703,
      "max_drawdown": -0.33717280527429094
    }
  },
  "notes": [
    "Universe is reconstructed point-in-time using current S&P1500 membership plus Wikipedia change events.",
    "Current universe combines S&P500, S&P400, and S&P600.",
    "Ranking uses historical slice through rebalance date close.",
    "Selected stock portfolio is applied with a 1-day execution lag.",
    "Exposure signal is applied with a 1-day execution lag.",
    "Transaction cost is applied when total portfolio weights change on execution day.",
    "Stock selection is monthly, while exposure adjustment is weekly.",
    "Absolute momentum filter requires 63D return > 0 and 252D return > 0.",
    "Sector cap limits selected names to reduce concentration risk.",
    "Regime filter uses a 0.50% buffer around the moving average and 2-day confirmation to reduce whipsaw.",
    "Risk-off sleeve uses SHY only.",
    "Quality is not yet applied in backtest to avoid look-ahead bias."
  ]
}