{
  "strategy": {
    "rebalance": "monthly",
    "selection": "BUY",
    "top_n": 10,
    "transaction_cost": 0.0015,
    "period_years": 3
  },
  "metrics": {
    "total_return": 0.8093144184283829,
    "cagr": 0.22013955400913243,
    "volatility": 0.13808199076309063,
    "sharpe": 1.5942669481556737,
    "max_drawdown": -0.11271396590446126
  },
  "benchmark": {
    "ticker": "SPY",
    "metrics": {
      "total_return": 0.8280760307369517,
      "cagr": 0.22437048636896062,
      "volatility": 0.1506319255167656,
      "sharpe": 1.4895281036820298,
      "max_drawdown": -0.1875524082111394
    }
  },
  "notes": [
    "Universe based on current S&P500 constituents (survivorship bias possible)",
    "Look-ahead bias removed via historical slicing",
    "Transaction cost applied per rebalance"
  ]
}