{
  "generated_at": "2026-05-21T03:03:47.837351+00:00",
  "benchmark": "SPY",
  "ma_window": 200,
  "last_close": 741.25,
  "last_ma": 675.0577490234375,
  "last_vix": 17.440000534057617,
  "last_yield_10y": 4.572000026702881,
  "vix_threshold": 25.0,
  "yield_threshold": 5.0,
  "triggers": [],
  "regime": "RISK_ON",
  "suggested_exposure": 1.0
}