{
  "generated_at": "2026-06-02T07:35:41.253735+00:00",
  "benchmark": "SPY",
  "ma_window": 200,
  "last_close": 758.5399780273438,
  "last_ma": 679.2717947387696,
  "last_vix": 16.260000228881836,
  "last_yield_10y": 4.474999904632568,
  "vix_threshold": 25.0,
  "yield_threshold": 5.0,
  "triggers": [],
  "regime": "RISK_ON",
  "suggested_exposure": 1.0
}