{
  "generated_at": "2026-06-04T15:01:03.753064+00:00",
  "benchmark": "SPY",
  "ma_window": 200,
  "last_close": 754.5050048828125,
  "last_ma": 681.0361563110351,
  "last_vix": 15.779999732971191,
  "last_yield_10y": 4.463000297546387,
  "vix_threshold": 25.0,
  "yield_threshold": 5.0,
  "triggers": [],
  "regime": "RISK_ON",
  "suggested_exposure": 1.0
}