{
  "generated_at": "2026-06-03T06:59:54.966527+00:00",
  "benchmark": "SPY",
  "ma_window": 200,
  "last_close": 759.5700073242188,
  "last_ma": 679.8720175170898,
  "last_vix": 15.770000457763672,
  "last_yield_10y": 4.454999923706055,
  "vix_threshold": 25.0,
  "yield_threshold": 5.0,
  "triggers": [],
  "regime": "RISK_ON",
  "suggested_exposure": 1.0
}