{
  "generated_at": "2026-06-04T03:06:40.061546+00:00",
  "benchmark": "SPY",
  "ma_window": 200,
  "last_close": 754.239990234375,
  "last_ma": 680.4530767822266,
  "last_vix": 16.059999465942383,
  "last_yield_10y": 4.491000175476074,
  "vix_threshold": 25.0,
  "yield_threshold": 5.0,
  "triggers": [],
  "regime": "RISK_ON",
  "suggested_exposure": 1.0
}