{
  "generated_at": "2026-05-30T06:10:57.428749+00:00",
  "benchmark": "SPY",
  "ma_window": 200,
  "last_close": 756.47998046875,
  "last_ma": 678.6764245605468,
  "last_vix": 15.319999694824219,
  "last_yield_10y": 4.453000068664551,
  "vix_threshold": 25.0,
  "yield_threshold": 5.0,
  "triggers": [],
  "regime": "RISK_ON",
  "suggested_exposure": 1.0
}