{
  "generated_at": "2026-05-28T02:16:29.191965+00:00",
  "benchmark": "SPY",
  "ma_window": 200,
  "last_close": 750.4600219726562,
  "last_ma": 677.4603033447265,
  "last_vix": 16.290000915527344,
  "last_yield_10y": 4.480999946594238,
  "vix_threshold": 25.0,
  "yield_threshold": 5.0,
  "triggers": [],
  "regime": "RISK_ON",
  "suggested_exposure": 1.0
}