{
  "generated_at": "2026-05-20T01:42:34.034519+00:00",
  "benchmark": "SPY",
  "ma_window": 200,
  "last_close": 733.72998046875,
  "last_ma": 674.4808065795899,
  "last_vix": 18.059999465942383,
  "last_yield_10y": 4.666999816894531,
  "vix_threshold": 25.0,
  "yield_threshold": 5.0,
  "triggers": [],
  "regime": "RISK_ON",
  "suggested_exposure": 1.0
}