{
  "generated_at": "2026-05-22T06:53:13.374638+00:00",
  "benchmark": "SPY",
  "ma_window": 200,
  "last_close": 742.719970703125,
  "last_ma": 675.6579071044922,
  "last_vix": 16.760000228881836,
  "last_yield_10y": 4.585999965667725,
  "vix_threshold": 25.0,
  "yield_threshold": 5.0,
  "triggers": [],
  "regime": "RISK_ON",
  "suggested_exposure": 1.0
}