{
  "generated_at": "2026-06-06T04:51:31.519048+00:00",
  "benchmark": "SPY",
  "ma_window": 200,
  "last_close": 737.5499877929688,
  "last_ma": 681.5646881103515,
  "last_vix": 21.510000228881836,
  "last_yield_10y": 4.5360002517700195,
  "vix_threshold": 25.0,
  "yield_threshold": 5.0,
  "triggers": [],
  "regime": "RISK_ON",
  "suggested_exposure": 1.0
}