{
  "generated_at": "2026-05-29T00:24:03.100727+00:00",
  "benchmark": "SPY",
  "ma_window": 200,
  "last_close": 754.5999755859375,
  "last_ma": 678.0804473876954,
  "last_vix": 15.739999771118164,
  "last_yield_10y": 4.454999923706055,
  "vix_threshold": 25.0,
  "yield_threshold": 5.0,
  "triggers": [],
  "regime": "RISK_ON",
  "suggested_exposure": 1.0
}