{
  "generated_at": "2026-05-27T01:25:54.781290+00:00",
  "benchmark": "SPY",
  "ma_window": 200,
  "last_close": 750.5900268554688,
  "last_ma": 676.8671069335937,
  "last_vix": 17.010000228881836,
  "last_yield_10y": 4.493000030517578,
  "vix_threshold": 25.0,
  "yield_threshold": 5.0,
  "triggers": [],
  "regime": "RISK_ON",
  "suggested_exposure": 1.0
}